{"metadata":{"asset_id":"3dbe94be-2610-40d6-80dc-f1b3e31032f6","asset_attributes":["data_asset"],"name":"Man_without_helmet.zip","asset_type":"data_asset","created_at":"2020-10-14T17:30:57Z","description":"","origin_country":"us","owner_id":"IBMid-5500091J3P","project_id":"b756b5b0-cda6-4f59-be69-5c63d63f8c67","size":238569,"tags":[],"usage":{"last_update_time":1602696661007,"last_updated_at":"2020-10-14T17:31:01Z"}},"entity":{"data_asset":{"mime_type":"application/x-zip-compressed","dataset":false}},"attachments":[{"id":"d6742af8-10b3-4e80-8648-8e3fc40fb8ca","version":2,"asset_type":"data_asset","name":"Man_without_helmet.zip","mime":"application/x-zip-compressed","datasource_type":"193a97c1-4475-4a19-b90c-295c4fdc6517","object_key":"Man_without_helmet.zip","creator_id":"IBMid-5500091J3P","create_time":1602696661006,"size":238569,"is_remote":false,"is_managed":false,"is_referenced":true,"is_object_key_read_only":true,"is_user_provided_path_key":true,"transfer_complete":true,"is_partitioned":false,"complete_time_ticks":1602696661006,"user_data":{},"test_doc":0,"handle":{"bucket":"classificationofemployees-donotdelete-pr-05lsso8gtapbpd","location":"us-geo","key":"Man_without_helmet.zip","upload_id":"done","max_part_num":1},"usage":{"access_count":0,"last_accessor_id":"IBMid-5500091J3P","last_access_time":1602696661006}}]}
